{"branches": 68.60825972785868, "coverage": 70.61738081745928}