{"branches": 68.86858749121573, "coverage": 70.6189750672799}