{"branches": 68.85092440908028, "coverage": 70.64434383986789}