{"branches": 68.94278314104074, "coverage": 70.61151027754367}