{"branches": 68.62313524089019, "coverage": 70.34838516746412}