{"branches": 68.4676069806359, "coverage": 70.44817108799813}