{"branches": 68.85399578157957, "coverage": 70.63633385090957}