{"branches": 68.82752164755442, "coverage": 70.6306049822064}