{"branches": 68.87432717060614, "coverage": 70.64576748953617}