{"branches": 68.58438768202436, "coverage": 70.61592781482935}