{"branches": 68.24340970682434, "coverage": 69.80127857185936}