{"branches": 68.51261945601567, "coverage": 70.07877553465525}