{"branches": 68.14246846401187, "coverage": 69.80196523053665}