{"branches": 68.16720257234726, "coverage": 69.80347694633409}