{"branches": 68.61714831621686, "coverage": 70.62302896423432}