{"branches": 68.34195614683419, "coverage": 70.38198957259596}