{"branches": 68.866368135753, "coverage": 70.31687925413259}