{"branches": 68.50657108721624, "coverage": 70.46257629296498}