{"branches": 68.85975181456332, "coverage": 70.64124832711639}