{"branches": 68.31731953683173, "coverage": 70.38049567516694}