{"branches": 68.83633809412315, "coverage": 70.64358620296952}