{"branches": 68.83972699458695, "coverage": 70.58319651652509}